{
	"partitions" : [
		{
			"name" : "Top",
			"pins" : [
				{
					"name" : "n",
					"strict" : false
				},
				{
					"name" : "z",
					"strict" : false
				},
				{
					"name" : "v",
					"strict" : false
				},
				{
					"name" : "c",
					"strict" : false
				},
				{
					"name" : "h",
					"strict" : false
				},
				{
					"name" : "ACCA_D[15]",
					"strict" : false
				},
				{
					"name" : "ACCA_D[14]",
					"strict" : false
				},
				{
					"name" : "ACCA_D[13]",
					"strict" : false
				},
				{
					"name" : "ACCA_D[12]",
					"strict" : false
				},
				{
					"name" : "ACCA_D[11]",
					"strict" : false
				},
				{
					"name" : "ACCA_D[10]",
					"strict" : false
				},
				{
					"name" : "ACCA_D[9]",
					"strict" : false
				},
				{
					"name" : "ACCA_D[8]",
					"strict" : false
				},
				{
					"name" : "ACCA_D[7]",
					"strict" : false
				},
				{
					"name" : "ACCA_D[6]",
					"strict" : false
				},
				{
					"name" : "ACCA_D[5]",
					"strict" : false
				},
				{
					"name" : "ACCA_D[4]",
					"strict" : false
				},
				{
					"name" : "ACCA_D[3]",
					"strict" : false
				},
				{
					"name" : "ACCA_D[2]",
					"strict" : false
				},
				{
					"name" : "ACCA_D[1]",
					"strict" : false
				},
				{
					"name" : "ACCA_D[0]",
					"strict" : false
				},
				{
					"name" : "ACCB_D[15]",
					"strict" : false
				},
				{
					"name" : "ACCB_D[14]",
					"strict" : false
				},
				{
					"name" : "ACCB_D[13]",
					"strict" : false
				},
				{
					"name" : "ACCB_D[12]",
					"strict" : false
				},
				{
					"name" : "ACCB_D[11]",
					"strict" : false
				},
				{
					"name" : "ACCB_D[10]",
					"strict" : false
				},
				{
					"name" : "ACCB_D[9]",
					"strict" : false
				},
				{
					"name" : "ACCB_D[8]",
					"strict" : false
				},
				{
					"name" : "ACCB_D[7]",
					"strict" : false
				},
				{
					"name" : "ACCB_D[6]",
					"strict" : false
				},
				{
					"name" : "ACCB_D[5]",
					"strict" : false
				},
				{
					"name" : "ACCB_D[4]",
					"strict" : false
				},
				{
					"name" : "ACCB_D[3]",
					"strict" : false
				},
				{
					"name" : "ACCB_D[2]",
					"strict" : false
				},
				{
					"name" : "ACCB_D[1]",
					"strict" : false
				},
				{
					"name" : "ACCB_D[0]",
					"strict" : false
				},
				{
					"name" : "AUX_D[15]",
					"strict" : false
				},
				{
					"name" : "AUX_D[14]",
					"strict" : false
				},
				{
					"name" : "AUX_D[13]",
					"strict" : false
				},
				{
					"name" : "AUX_D[12]",
					"strict" : false
				},
				{
					"name" : "AUX_D[11]",
					"strict" : false
				},
				{
					"name" : "AUX_D[10]",
					"strict" : false
				},
				{
					"name" : "AUX_D[9]",
					"strict" : false
				},
				{
					"name" : "AUX_D[8]",
					"strict" : false
				},
				{
					"name" : "AUX_D[7]",
					"strict" : false
				},
				{
					"name" : "AUX_D[6]",
					"strict" : false
				},
				{
					"name" : "AUX_D[5]",
					"strict" : false
				},
				{
					"name" : "AUX_D[4]",
					"strict" : false
				},
				{
					"name" : "AUX_D[3]",
					"strict" : false
				},
				{
					"name" : "AUX_D[2]",
					"strict" : false
				},
				{
					"name" : "AUX_D[1]",
					"strict" : false
				},
				{
					"name" : "AUX_D[0]",
					"strict" : false
				},
				{
					"name" : "INSTR31[7]",
					"strict" : false
				},
				{
					"name" : "INSTR31[6]",
					"strict" : false
				},
				{
					"name" : "INSTR31[5]",
					"strict" : false
				},
				{
					"name" : "INSTR31[4]",
					"strict" : false
				},
				{
					"name" : "INSTR31[3]",
					"strict" : false
				},
				{
					"name" : "INSTR31[2]",
					"strict" : false
				},
				{
					"name" : "INSTR31[1]",
					"strict" : false
				},
				{
					"name" : "INSTR31[0]",
					"strict" : false
				},
				{
					"name" : "PC[15]",
					"strict" : false
				},
				{
					"name" : "PC[14]",
					"strict" : false
				},
				{
					"name" : "PC[13]",
					"strict" : false
				},
				{
					"name" : "PC[12]",
					"strict" : false
				},
				{
					"name" : "PC[11]",
					"strict" : false
				},
				{
					"name" : "PC[10]",
					"strict" : false
				},
				{
					"name" : "PC[9]",
					"strict" : false
				},
				{
					"name" : "PC[8]",
					"strict" : false
				},
				{
					"name" : "PC[7]",
					"strict" : false
				},
				{
					"name" : "PC[6]",
					"strict" : false
				},
				{
					"name" : "PC[5]",
					"strict" : false
				},
				{
					"name" : "PC[4]",
					"strict" : false
				},
				{
					"name" : "PC[3]",
					"strict" : false
				},
				{
					"name" : "PC[2]",
					"strict" : false
				},
				{
					"name" : "PC[1]",
					"strict" : false
				},
				{
					"name" : "PC[0]",
					"strict" : false
				},
				{
					"name" : "RELOJ",
					"strict" : false
				},
				{
					"name" : "RESET",
					"strict" : false
				}
			]
		}
	]
}