{
	"partitions" : [
		{
			"name" : "Top",
			"pins" : [
				{
					"name" : "edop[2]",
					"strict" : false
				},
				{
					"name" : "edop[1]",
					"strict" : false
				},
				{
					"name" : "edop[0]",
					"strict" : false
				},
				{
					"name" : "salida[3]",
					"strict" : false
				},
				{
					"name" : "salida[2]",
					"strict" : false
				},
				{
					"name" : "salida[1]",
					"strict" : false
				},
				{
					"name" : "salida[0]",
					"strict" : false
				},
				{
					"name" : "RESET",
					"strict" : false
				},
				{
					"name" : "Y",
					"strict" : false
				},
				{
					"name" : "X",
					"strict" : false
				},
				{
					"name" : "Z",
					"strict" : false
				},
				{
					"name" : "CLK",
					"strict" : false
				}
			]
		}
	]
}