{
	"partitions" : [
		{
			"name" : "Top",
			"pins" : [
				{
					"name" : "edop[2]",
					"strict" : false
				},
				{
					"name" : "edop[1]",
					"strict" : false
				},
				{
					"name" : "edop[0]",
					"strict" : false
				},
				{
					"name" : "salidas[3]",
					"strict" : false
				},
				{
					"name" : "salidas[2]",
					"strict" : false
				},
				{
					"name" : "salidas[0]",
					"strict" : false
				},
				{
					"name" : "entradas[2]",
					"strict" : false
				},
				{
					"name" : "CLK",
					"strict" : false
				},
				{
					"name" : "Reset",
					"strict" : false
				},
				{
					"name" : "entradas[1]",
					"strict" : false
				}
			]
		}
	]
}