{
	"partitions" : [
		{
			"name" : "Top",
			"pins" : [
				{
					"name" : "EDO[3]",
					"strict" : false
				},
				{
					"name" : "EDO[2]",
					"strict" : false
				},
				{
					"name" : "EDO[1]",
					"strict" : false
				},
				{
					"name" : "EDO[0]",
					"strict" : false
				},
				{
					"name" : "SAL[3]",
					"strict" : false
				},
				{
					"name" : "SAL[2]",
					"strict" : false
				},
				{
					"name" : "SAL[1]",
					"strict" : false
				},
				{
					"name" : "SAL[0]",
					"strict" : false
				},
				{
					"name" : "RESET",
					"strict" : false
				},
				{
					"name" : "X",
					"strict" : false
				},
				{
					"name" : "INT",
					"strict" : false
				},
				{
					"name" : "Y",
					"strict" : false
				},
				{
					"name" : "DATAMAP[3]",
					"strict" : false
				},
				{
					"name" : "DATAVect[3]",
					"strict" : false
				},
				{
					"name" : "DATAMAP[2]",
					"strict" : false
				},
				{
					"name" : "DATAVect[2]",
					"strict" : false
				},
				{
					"name" : "DATAMAP[1]",
					"strict" : false
				},
				{
					"name" : "DATAVect[1]",
					"strict" : false
				},
				{
					"name" : "DATAMAP[0]",
					"strict" : false
				},
				{
					"name" : "DATAVect[0]",
					"strict" : false
				},
				{
					"name" : "CLK",
					"strict" : false
				}
			]
		}
	]
}